timestep,episode,total,progress,velocity,barrier,heading,smoothness,angular,existence,min_laser,distance_to_goal,cmd_vel_x,cmd_vel_y,cmd_vel_z,pose_x,pose_y,pose_yaw,goal_x,goal_y
0,1,28.944632005182967,25.308694237702287,-1.3640622325193208,0.0,5.0,0.0,0.0,0.0,3.5,1.0,-0.4546874108397736,-0.04466976535730027,0.6243374575509864,0.0,0.0,0.0,1.0,0.0
1,1,3.635937767480679,0.0,-1.3640622325193208,0.0,5.0,0.0,0.0,0.0,3.5,1.0,-0.4546874108397736,-0.04466976535730027,0.6243374575509864,0.0,0.0,0.0,1.0,0.0
2,1,3.635937767480679,0.0,-1.3640622325193208,0.0,5.0,0.0,0.0,0.0,3.5,1.0,-0.4546874108397736,-0.04466976535730027,0.6243374575509864,0.0,0.0,0.0,1.0,0.0
3,1,3.635937767480679,0.0,-1.3640622325193208,0.0,5.0,0.0,0.0,0.0,3.5,1.0,-0.4546874108397736,-0.04466976535730027,0.6243374575509864,0.0,0.0,0.0,1.0,0.0
4,1,3.635937767480679,0.0,-1.3640622325193208,0.0,5.0,0.0,0.0,0.0,3.5,1.0,-0.4546874108397736,-0.04466976535730027,0.6243374575509864,0.0,0.0,0.0,1.0,0.0
5,1,3.635937767480679,0.0,-1.3640622325193208,0.0,5.0,0.0,0.0,0.0,3.5,1.0,-0.4546874108397736,-0.04466976535730027,0.6243374575509864,0.0,0.0,0.0,1.0,0.0
6,1,3.635937767480679,0.0,-1.3640622325193208,0.0,5.0,0.0,0.0,0.0,3.5,1.0,-0.4546874108397736,-0.04466976535730027,0.6243374575509864,0.0,0.0,0.0,1.0,0.0
7,1,3.635937767480679,0.0,-1.3640622325193208,0.0,5.0,0.0,0.0,0.0,3.5,1.0,-0.4546874108397736,-0.04466976535730027,0.6243374575509864,0.0,0.0,0.0,1.0,0.0
8,1,2.502330061758936,0.0,-2.497669938241064,0.0,5.0,0.0,0.0,0.0,3.5,1.0,-0.8325566460803546,0.453789684196642,0.5706035054959712,0.0,0.0,0.0,1.0,0.0
9,1,3.325146699028267,0.0,-1.674853300971733,0.0,5.0,0.0,0.0,0.0,3.5,1.0,-0.5582844336572443,-0.22700402651409,0.07082130618867308,0.0,0.0,0.0,1.0,0.0
10,1,5.905977883105881,0.0,0.9059778831058807,0.0,5.0,0.0,0.0,0.0,3.5,1.0,0.3019926277019602,-0.8579474594835893,-1.0,0.0,0.0,0.0,1.0,0.0
11,1,5.166342009767514,0.0,0.166342009767514,0.0,5.0,0.0,0.0,0.0,3.5,1.0,0.05544733658917134,0.020957117429295402,0.16387094809551564,0.0,0.0,0.0,1.0,0.0
12,1,2.0,0.0,-3.0,0.0,5.0,0.0,0.0,0.0,3.5,1.0,-1.0,0.9904242269093897,1.0,0.0,0.0,0.0,1.0,0.0
13,1,2.0,0.0,-3.0,0.0,5.0,0.0,0.0,0.0,3.5,1.0,-1.0,-1.0,0.8046409935173018,0.0,0.0,0.0,1.0,0.0
14,1,3.175935986739675,0.0,-1.8240640132603254,0.0,5.0,0.0,0.0,0.0,3.5,1.0,-0.6080213377534418,0.1097057754274734,-0.051706644329331246,0.0,0.0,0.0,1.0,0.0
15,1,5.23812232874386,0.0,0.23812232874386063,0.0,5.0,0.0,0.0,0.0,3.5,1.0,0.07937410958128688,-0.600077140783877,-0.10331764828361681,0.0,0.0,0.0,1.0,0.0
16,1,2.3848849780927064,0.0,-2.6151150219072936,0.0,5.0,0.0,0.0,0.0,3.5,1.0,-0.8717050073024313,0.3849442387400397,0.1332029084131503,0.0,0.0,0.0,1.0,0.0
17,1,2.3848849780927064,0.0,-2.6151150219072936,0.0,5.0,0.0,0.0,0.0,3.5,1.0,-0.8717050073024313,0.3849442387400397,0.1332029084131503,0.0,0.0,0.0,1.0,0.0
18,1,2.3848849780927064,0.0,-2.6151150219072936,0.0,5.0,0.0,0.0,0.0,3.5,1.0,-0.8717050073024313,0.3849442387400397,0.1332029084131503,0.0,0.0,0.0,1.0,0.0
19,1,2.3848849780927064,0.0,-2.6151150219072936,0.0,5.0,0.0,0.0,0.0,3.5,1.0,-0.8717050073024313,0.3849442387400397,0.1332029084131503,0.0,0.0,0.0,1.0,0.0
20,1,2.3848849780927064,0.0,-2.6151150219072936,0.0,5.0,0.0,0.0,0.0,3.5,1.0,-0.8717050073024313,0.3849442387400397,0.1332029084131503,0.0,0.0,0.0,1.0,0.0
21,1,2.3848849780927064,0.0,-2.6151150219072936,0.0,5.0,0.0,0.0,0.0,3.5,1.0,-0.8717050073024313,0.3849442387400397,0.1332029084131503,0.0,0.0,0.0,1.0,0.0
22,1,2.3848849780927064,0.0,-2.6151150219072936,0.0,5.0,0.0,0.0,0.0,3.5,1.0,-0.8717050073024313,0.3849442387400397,0.1332029084131503,0.0,0.0,0.0,1.0,0.0
23,1,2.3848849780927064,0.0,-2.6151150219072936,0.0,5.0,0.0,0.0,0.0,3.5,1.0,-0.8717050073024313,0.3849442387400397,0.1332029084131503,0.0,0.0,0.0,1.0,0.0
24,1,2.3848849780927064,0.0,-2.6151150219072936,0.0,5.0,0.0,0.0,0.0,3.5,1.0,-0.8717050073024313,0.3849442387400397,0.1332029084131503,0.0,0.0,0.0,1.0,0.0
25,1,2.3848849780927064,0.0,-2.6151150219072936,0.0,5.0,0.0,0.0,0.0,3.5,1.0,-0.8717050073024313,0.3849442387400397,0.1332029084131503,0.0,0.0,0.0,1.0,0.0
26,1,2.3848849780927064,0.0,-2.6151150219072936,0.0,5.0,0.0,0.0,0.0,3.5,1.0,-0.8717050073024313,0.3849442387400397,0.1332029084131503,0.0,0.0,0.0,1.0,0.0
27,1,2.3848849780927064,0.0,-2.6151150219072936,0.0,5.0,0.0,0.0,0.0,3.5,1.0,-0.8717050073024313,0.3849442387400397,0.1332029084131503,0.0,0.0,0.0,1.0,0.0
28,1,2.3848849780927064,0.0,-2.6151150219072936,0.0,5.0,0.0,0.0,0.0,3.5,1.0,-0.8717050073024313,0.3849442387400397,0.1332029084131503,0.0,0.0,0.0,1.0,0.0
29,1,2.3848849780927064,0.0,-2.6151150219072936,0.0,5.0,0.0,0.0,0.0,3.5,1.0,-0.8717050073024313,0.3849442387400397,0.1332029084131503,0.0,0.0,0.0,1.0,0.0
30,1,4.223334674465041,0.0,-0.7766653255349595,0.0,5.0,0.0,0.0,0.0,3.5,1.0,-0.2588884418449865,0.44046732178839343,0.2659419337275857,0.0,0.0,0.0,1.0,0.0
31,1,2.0,0.0,-3.0,0.0,5.0,0.0,0.0,0.0,3.5,1.0,-1.0,-0.003274910901127248,0.29056471787943694,0.0,0.0,0.0,1.0,0.0
32,1,2.0,0.0,-3.0,0.0,5.0,0.0,0.0,0.0,3.5,1.0,-1.0,-0.4001571105075263,-0.375532731536179,0.0,0.0,0.0,1.0,0.0
33,1,7.226369805704691,0.0,2.2263698057046906,0.0,5.0,0.0,0.0,0.0,3.5,1.0,0.7421232685682302,0.7680166917702418,-0.6545969817842314,0.0,0.0,0.0,1.0,0.0
34,1,2.0,0.0,-3.0,0.0,5.0,0.0,0.0,0.0,3.5,1.0,-1.0,-0.3221549119415817,-0.483761795940693,0.0,0.0,0.0,1.0,0.0
35,1,4.505394891770366,0.0,-0.4946051082296341,0.0,5.0,0.0,0.0,0.0,3.5,1.0,-0.16486836940987804,-0.14913129512636975,0.4449781742618989,0.0,0.0,0.0,1.0,0.0
36,1,5.21379681814975,0.0,0.21379681814974982,0.0,5.0,0.0,0.0,0.0,3.5,1.0,0.07126560604991661,0.17981995270914197,0.46024405903353927,0.0,0.0,0.0,1.0,0.0
37,1,5.21379681814975,0.0,0.21379681814974982,0.0,5.0,0.0,0.0,0.0,3.5,1.0,0.07126560604991661,0.17981995270914197,0.46024405903353927,0.0,0.0,0.0,1.0,0.0
38,1,5.21379681814975,0.0,0.21379681814974982,0.0,5.0,0.0,0.0,0.0,3.5,1.0,0.07126560604991661,0.17981995270914197,0.46024405903353927,0.0,0.0,0.0,1.0,0.0
39,1,5.21379681814975,0.0,0.21379681814974982,0.0,5.0,0.0,0.0,0.0,3.5,1.0,0.07126560604991661,0.17981995270914197,0.46024405903353927,0.0,0.0,0.0,1.0,0.0
40,1,5.21379681814975,0.0,0.21379681814974982,0.0,5.0,0.0,0.0,0.0,3.5,1.0,0.07126560604991661,0.17981995270914197,0.46024405903353927,0.0,0.0,0.0,1.0,0.0
41,1,5.21379681814975,0.0,0.21379681814974982,0.0,5.0,0.0,0.0,0.0,3.5,1.0,0.07126560604991661,0.17981995270914197,0.46024405903353927,0.0,0.0,0.0,1.0,0.0
42,1,5.21379681814975,0.0,0.21379681814974982,0.0,5.0,0.0,0.0,0.0,3.5,1.0,0.07126560604991661,0.17981995270914197,0.46024405903353927,0.0,0.0,0.0,1.0,0.0
43,1,5.21379681814975,0.0,0.21379681814974982,0.0,5.0,0.0,0.0,0.0,3.5,1.0,0.07126560604991661,0.17981995270914197,0.46024405903353927,0.0,0.0,0.0,1.0,0.0
44,1,5.21379681814975,0.0,0.21379681814974982,0.0,5.0,0.0,0.0,0.0,3.5,1.0,0.07126560604991661,0.17981995270914197,0.46024405903353927,0.0,0.0,0.0,1.0,0.0
45,1,5.21379681814975,0.0,0.21379681814974982,0.0,5.0,0.0,0.0,0.0,3.5,1.0,0.07126560604991661,0.17981995270914197,0.46024405903353927,0.0,0.0,0.0,1.0,0.0
46,1,5.21379681814975,0.0,0.21379681814974982,0.0,5.0,0.0,0.0,0.0,3.5,1.0,0.07126560604991661,0.17981995270914197,0.46024405903353927,0.0,0.0,0.0,1.0,0.0
47,1,5.21379681814975,0.0,0.21379681814974982,0.0,5.0,0.0,0.0,0.0,3.5,1.0,0.07126560604991661,0.17981995270914197,0.46024405903353927,0.0,0.0,0.0,1.0,0.0
48,1,2.6739108674872223,0.0,-2.3260891325127777,0.0,5.0,0.0,0.0,0.0,3.5,1.0,-0.7753630441709258,-1.0,0.35855740405625397,0.0,0.0,0.0,1.0,0.0
49,1,2.403607940824314,0.0,-2.596392059175686,0.0,5.0,0.0,0.0,0.0,3.5,1.0,-0.8654640197252287,0.052837265613882134,0.16843364572313976,0.0,0.0,0.0,1.0,0.0
50,1,7.960473792851773,0.0,2.960473792851773,0.0,5.0,0.0,0.0,0.0,3.5,1.0,0.9868245976172578,0.7482766764770028,-0.385685284948586,0.0,0.0,0.0,1.0,0.0
51,1,2.2292764831028165,0.0,-2.7707235168971835,0.0,5.0,0.0,0.0,0.0,3.5,1.0,-0.9235745056323946,-0.15470164558391514,0.4393867429352302,0.0,0.0,0.0,1.0,0.0
52,1,4.028953711021074,0.0,-0.9710462889789262,0.0,5.0,0.0,0.0,0.0,3.5,1.0,-0.32368209632630873,0.923140309082997,-0.536596747057591,0.0,0.0,0.0,1.0,0.0
53,1,4.028953711021074,0.0,-0.9710462889789262,0.0,5.0,0.0,0.0,0.0,3.5,1.0,-0.32368209632630873,0.923140309082997,-0.536596747057591,0.0,0.0,0.0,1.0,0.0
54,1,4.028953711021074,0.0,-0.9710462889789262,0.0,5.0,0.0,0.0,0.0,3.5,1.0,-0.32368209632630873,0.923140309082997,-0.536596747057591,0.0,0.0,0.0,1.0,0.0
55,1,4.028953711021074,0.0,-0.9710462889789262,0.0,5.0,0.0,0.0,0.0,3.5,1.0,-0.32368209632630873,0.923140309082997,-0.536596747057591,0.0,0.0,0.0,1.0,0.0
56,1,4.028953711021074,0.0,-0.9710462889789262,0.0,5.0,0.0,0.0,0.0,3.5,1.0,-0.32368209632630873,0.923140309082997,-0.536596747057591,0.0,0.0,0.0,1.0,0.0
57,1,4.028953711021074,0.0,-0.9710462889789262,0.0,5.0,0.0,0.0,0.0,3.5,1.0,-0.32368209632630873,0.923140309082997,-0.536596747057591,0.0,0.0,0.0,1.0,0.0
58,1,4.028953711021074,0.0,-0.9710462889789262,0.0,5.0,0.0,0.0,0.0,3.5,1.0,-0.32368209632630873,0.923140309082997,-0.536596747057591,0.0,0.0,0.0,1.0,0.0
59,1,4.028953711021074,0.0,-0.9710462889789262,0.0,5.0,0.0,0.0,0.0,3.5,1.0,-0.32368209632630873,0.923140309082997,-0.536596747057591,0.0,0.0,0.0,1.0,0.0
60,1,4.028953711021074,0.0,-0.9710462889789262,0.0,5.0,0.0,0.0,0.0,3.5,1.0,-0.32368209632630873,0.923140309082997,-0.536596747057591,0.0,0.0,0.0,1.0,0.0
61,1,4.028953711021074,0.0,-0.9710462889789262,0.0,5.0,0.0,0.0,0.0,3.5,1.0,-0.32368209632630873,0.923140309082997,-0.536596747057591,0.0,0.0,0.0,1.0,0.0
62,1,4.028953711021074,0.0,-0.9710462889789262,0.0,5.0,0.0,0.0,0.0,3.5,1.0,-0.32368209632630873,0.923140309082997,-0.536596747057591,0.0,0.0,0.0,1.0,0.0
63,1,4.028953711021074,0.0,-0.9710462889789262,0.0,5.0,0.0,0.0,0.0,3.5,1.0,-0.32368209632630873,0.923140309082997,-0.536596747057591,0.0,0.0,0.0,1.0,0.0
64,1,2.0,0.0,-3.0,0.0,5.0,0.0,0.0,0.0,3.5,1.0,-1.0,-1.0,0.4624343068721862,0.0,0.0,0.0,1.0,0.0
65,1,2.0,0.0,-3.0,0.0,5.0,0.0,0.0,0.0,3.5,1.0,-1.0,0.5317047973286086,0.5609414012252101,0.0,0.0,0.0,1.0,0.0
66,1,2.0,0.0,-3.0,0.0,5.0,0.0,0.0,0.0,3.5,1.0,-1.0,-1.0,-1.0,0.0,0.0,0.0,1.0,0.0
67,1,4.384008885628579,0.0,-0.6159911143714211,0.0,5.0,0.0,0.0,0.0,3.5,1.0,-0.20533037145714034,-0.4140821426298647,-1.0,0.0,0.0,0.0,1.0,0.0
68,1,2.0,0.0,-3.0,0.0,5.0,0.0,0.0,0.0,3.5,1.0,-1.0,-0.19463709892976436,0.4596454021702744,0.0,0.0,0.0,1.0,0.0
69,1,3.092062053258481,0.0,-1.907937946741519,0.0,5.0,0.0,0.0,0.0,3.5,1.0,-0.6359793155805064,-0.39132781073996764,-0.38759266003082454,0.0,0.0,0.0,1.0,0.0
70,1,7.540861974996991,0.0,2.5408619749969907,0.0,5.0,0.0,0.0,0.0,3.5,1.0,0.8469539916656637,-0.0027957522095232723,-0.49265226288535136,0.0,0.0,0.0,1.0,0.0
71,1,2.0,0.0,-3.0,0.0,5.0,0.0,0.0,0.0,3.5,1.0,-1.0,-0.2495826063371083,0.7520568702894094,0.0,0.0,0.0,1.0,0.0
72,1,6.1977323255031,0.0,1.1977323255031003,0.0,5.0,0.0,0.0,0.0,3.5,1.0,0.3992441085010334,-0.3445591968857622,0.5135572854737784,0.0,0.0,0.0,1.0,0.0
73,1,6.1977323255031,0.0,1.1977323255031003,0.0,5.0,0.0,0.0,0.0,3.5,1.0,0.3992441085010334,-0.3445591968857622,0.5135572854737784,0.0,0.0,0.0,1.0,0.0
74,1,6.1977323255031,0.0,1.1977323255031003,0.0,5.0,0.0,0.0,0.0,3.5,1.0,0.3992441085010334,-0.3445591968857622,0.5135572854737784,0.0,0.0,0.0,1.0,0.0
75,1,6.1977323255031,0.0,1.1977323255031003,0.0,5.0,0.0,0.0,0.0,3.5,1.0,0.3992441085010334,-0.3445591968857622,0.5135572854737784,0.0,0.0,0.0,1.0,0.0
76,1,6.1977323255031,0.0,1.1977323255031003,0.0,5.0,0.0,0.0,0.0,3.5,1.0,0.3992441085010334,-0.3445591968857622,0.5135572854737784,0.0,0.0,0.0,1.0,0.0
77,1,6.1977323255031,0.0,1.1977323255031003,0.0,5.0,0.0,0.0,0.0,3.5,1.0,0.3992441085010334,-0.3445591968857622,0.5135572854737784,0.0,0.0,0.0,1.0,0.0
78,1,6.1977323255031,0.0,1.1977323255031003,0.0,5.0,0.0,0.0,0.0,3.5,1.0,0.3992441085010334,-0.3445591968857622,0.5135572854737784,0.0,0.0,0.0,1.0,0.0
79,1,6.1977323255031,0.0,1.1977323255031003,0.0,5.0,0.0,0.0,0.0,3.5,1.0,0.3992441085010334,-0.3445591968857622,0.5135572854737784,0.0,0.0,0.0,1.0,0.0
80,1,6.1977323255031,0.0,1.1977323255031003,0.0,5.0,0.0,0.0,0.0,3.5,1.0,0.3992441085010334,-0.3445591968857622,0.5135572854737784,0.0,0.0,0.0,1.0,0.0
81,1,6.1977323255031,0.0,1.1977323255031003,0.0,5.0,0.0,0.0,0.0,3.5,1.0,0.3992441085010334,-0.3445591968857622,0.5135572854737784,0.0,0.0,0.0,1.0,0.0
82,1,3.4597297880119604,0.0,-1.5402702119880396,0.0,5.0,0.0,0.0,0.0,3.5,1.0,-0.5134234039960133,-0.9908367132896837,-1.0,0.0,0.0,0.0,1.0,0.0
83,1,2.1250929346757714,0.0,-2.8749070653242286,0.0,5.0,0.0,0.0,0.0,3.5,1.0,-0.9583023551080762,-0.04608919511159415,0.05454515657895649,0.0,0.0,0.0,1.0,0.0
84,1,2.0,0.0,-3.0,0.0,5.0,0.0,0.0,0.0,3.5,1.0,-1.0,0.40640820389361354,0.5229806870456916,0.0,0.0,0.0,1.0,0.0
85,1,2.0,0.0,-3.0,0.0,5.0,0.0,0.0,0.0,3.5,1.0,-1.0,-0.14163253799253955,1.0,0.0,0.0,0.0,1.0,0.0
86,1,2.0,0.0,-3.0,0.0,5.0,0.0,0.0,0.0,3.5,1.0,-1.0,0.1081078392503399,-0.6463810571806727,0.0,0.0,0.0,1.0,0.0
87,1,6.182849700970128,0.0,1.1828497009701284,0.0,5.0,0.0,0.0,0.0,3.5,1.0,0.3942832336567095,0.794140209206287,-0.7578802407978291,0.0,0.0,0.0,1.0,0.0
88,1,6.182849700970128,0.0,1.1828497009701284,0.0,5.0,0.0,0.0,0.0,3.5,1.0,0.3942832336567095,0.794140209206287,-0.7578802407978291,0.0,0.0,0.0,1.0,0.0
89,1,6.182849700970128,0.0,1.1828497009701284,0.0,5.0,0.0,0.0,0.0,3.5,1.0,0.3942832336567095,0.794140209206287,-0.7578802407978291,0.0,0.0,0.0,1.0,0.0
90,1,6.182849700970128,0.0,1.1828497009701284,0.0,5.0,0.0,0.0,0.0,3.5,1.0,0.3942832336567095,0.794140209206287,-0.7578802407978291,0.0,0.0,0.0,1.0,0.0
91,1,6.182849700970128,0.0,1.1828497009701284,0.0,5.0,0.0,0.0,0.0,3.5,1.0,0.3942832336567095,0.794140209206287,-0.7578802407978291,0.0,0.0,0.0,1.0,0.0
92,1,6.182849700970128,0.0,1.1828497009701284,0.0,5.0,0.0,0.0,0.0,3.5,1.0,0.3942832336567095,0.794140209206287,-0.7578802407978291,0.0,0.0,0.0,1.0,0.0
93,1,6.182849700970128,0.0,1.1828497009701284,0.0,5.0,0.0,0.0,0.0,3.5,1.0,0.3942832336567095,0.794140209206287,-0.7578802407978291,0.0,0.0,0.0,1.0,0.0
94,1,6.182849700970128,0.0,1.1828497009701284,0.0,5.0,0.0,0.0,0.0,3.5,1.0,0.3942832336567095,0.794140209206287,-0.7578802407978291,0.0,0.0,0.0,1.0,0.0
95,1,6.182849700970128,0.0,1.1828497009701284,0.0,5.0,0.0,0.0,0.0,3.5,1.0,0.3942832336567095,0.794140209206287,-0.7578802407978291,0.0,0.0,0.0,1.0,0.0
96,1,6.182849700970128,0.0,1.1828497009701284,0.0,5.0,0.0,0.0,0.0,3.5,1.0,0.3942832336567095,0.794140209206287,-0.7578802407978291,0.0,0.0,0.0,1.0,0.0
97,1,2.9283150488766636,0.0,-2.0716849511233364,0.0,5.0,0.0,0.0,0.0,3.5,1.0,-0.6905616503744454,-0.12822220953673436,0.5664697039650102,0.0,0.0,0.0,1.0,0.0
98,1,4.090855934200983,0.0,-0.9091440657990175,0.0,5.0,0.0,0.0,0.0,3.5,1.0,-0.30304802193300584,0.480195051235365,0.36102896228565173,0.0,0.0,0.0,1.0,0.0
99,1,4.090855934200983,0.0,-0.9091440657990175,0.0,5.0,0.0,0.0,0.0,3.5,1.0,-0.30304802193300584,0.480195051235365,0.36102896228565173,0.0,0.0,0.0,1.0,0.0
100,1,4.090855934200983,0.0,-0.9091440657990175,0.0,5.0,0.0,0.0,0.0,3.5,1.0,-0.30304802193300584,0.480195051235365,0.36102896228565173,0.0,0.0,0.0,1.0,0.0
101,1,4.090855934200983,0.0,-0.9091440657990175,0.0,5.0,0.0,0.0,0.0,3.5,1.0,-0.30304802193300584,0.480195051235365,0.36102896228565173,0.0,0.0,0.0,1.0,0.0
102,1,4.090855934200983,0.0,-0.9091440657990175,0.0,5.0,0.0,0.0,0.0,3.5,1.0,-0.30304802193300584,0.480195051235365,0.36102896228565173,0.0,0.0,0.0,1.0,0.0
103,1,4.090855934200983,0.0,-0.9091440657990175,0.0,5.0,0.0,0.0,0.0,3.5,1.0,-0.30304802193300584,0.480195051235365,0.36102896228565173,0.0,0.0,0.0,1.0,0.0
104,1,4.090855934200983,0.0,-0.9091440657990175,0.0,5.0,0.0,0.0,0.0,3.5,1.0,-0.30304802193300584,0.480195051235365,0.36102896228565173,0.0,0.0,0.0,1.0,0.0
105,1,4.090855934200983,0.0,-0.9091440657990175,0.0,5.0,0.0,0.0,0.0,3.5,1.0,-0.30304802193300584,0.480195051235365,0.36102896228565173,0.0,0.0,0.0,1.0,0.0
106,1,4.090855934200983,0.0,-0.9091440657990175,0.0,5.0,0.0,0.0,0.0,3.5,1.0,-0.30304802193300584,0.480195051235365,0.36102896228565173,0.0,0.0,0.0,1.0,0.0
107,1,4.090855934200983,0.0,-0.9091440657990175,0.0,5.0,0.0,0.0,0.0,3.5,1.0,-0.30304802193300584,0.480195051235365,0.36102896228565173,0.0,0.0,0.0,1.0,0.0
108,1,6.975631493394564,0.0,1.9756314933945645,0.0,5.0,0.0,0.0,0.0,3.5,1.0,0.6585438311315215,-1.0,0.16667198953078893,0.0,0.0,0.0,1.0,0.0
109,1,4.888540339830832,0.0,-0.11145966016916797,0.0,5.0,0.0,0.0,0.0,3.5,1.0,-0.037153220056389324,0.40682226809633404,-0.001965826949837904,0.0,0.0,0.0,1.0,0.0
110,1,3.4282611418310815,0.0,-1.5717388581689185,0.0,5.0,0.0,0.0,0.0,3.5,1.0,-0.5239129527229729,0.16177454829559412,-0.7082596918774022,0.0,0.0,0.0,1.0,0.0
111,1,3.4282611418310815,0.0,-1.5717388581689185,0.0,5.0,0.0,0.0,0.0,3.5,1.0,-0.5239129527229729,0.16177454829559412,-0.7082596918774022,0.0,0.0,0.0,1.0,0.0
112,1,3.4282611418310815,0.0,-1.5717388581689185,0.0,5.0,0.0,0.0,0.0,3.5,1.0,-0.5239129527229729,0.16177454829559412,-0.7082596918774022,0.0,0.0,0.0,1.0,0.0
113,1,3.4282611418310815,0.0,-1.5717388581689185,0.0,5.0,0.0,0.0,0.0,3.5,1.0,-0.5239129527229729,0.16177454829559412,-0.7082596918774022,0.0,0.0,0.0,1.0,0.0
114,1,3.4282611418310815,0.0,-1.5717388581689185,0.0,5.0,0.0,0.0,0.0,3.5,1.0,-0.5239129527229729,0.16177454829559412,-0.7082596918774022,0.0,0.0,0.0,1.0,0.0
115,1,3.4282611418310815,0.0,-1.5717388581689185,0.0,5.0,0.0,0.0,0.0,3.5,1.0,-0.5239129527229729,0.16177454829559412,-0.7082596918774022,0.0,0.0,0.0,1.0,0.0
116,1,3.4282611418310815,0.0,-1.5717388581689185,0.0,5.0,0.0,0.0,0.0,3.5,1.0,-0.5239129527229729,0.16177454829559412,-0.7082596918774022,0.0,0.0,0.0,1.0,0.0
117,1,3.4282611418310815,0.0,-1.5717388581689185,0.0,5.0,0.0,0.0,0.0,3.5,1.0,-0.5239129527229729,0.16177454829559412,-0.7082596918774022,0.0,0.0,0.0,1.0,0.0
118,1,3.4282611418310815,0.0,-1.5717388581689185,0.0,5.0,0.0,0.0,0.0,3.5,1.0,-0.5239129527229729,0.16177454829559412,-0.7082596918774022,0.0,0.0,0.0,1.0,0.0
119,1,3.4282611418310815,0.0,-1.5717388581689185,0.0,5.0,0.0,0.0,0.0,3.5,1.0,-0.5239129527229729,0.16177454829559412,-0.7082596918774022,0.0,0.0,0.0,1.0,0.0
120,1,3.4282611418310815,0.0,-1.5717388581689185,0.0,5.0,0.0,0.0,0.0,3.5,1.0,-0.5239129527229729,0.16177454829559412,-0.7082596918774022,0.0,0.0,0.0,1.0,0.0
121,1,3.4282611418310815,0.0,-1.5717388581689185,0.0,5.0,0.0,0.0,0.0,3.5,1.0,-0.5239129527229729,0.16177454829559412,-0.7082596918774022,0.0,0.0,0.0,1.0,0.0
122,1,4.2260920385911565,0.0,-0.7739079614088435,0.0,5.0,0.0,0.0,0.0,3.5,1.0,-0.2579693204696145,-0.6555254800004484,-0.13841101787435464,0.0,0.0,0.0,1.0,0.0
123,1,7.900557453563852,0.0,2.900557453563852,0.0,5.0,0.0,0.0,0.0,3.5,1.0,0.966852484521284,-0.20039661555094823,-0.23932963294485377,0.0,0.0,0.0,1.0,0.0
124,1,7.900557453563852,0.0,2.900557453563852,0.0,5.0,0.0,0.0,0.0,3.5,1.0,0.966852484521284,-0.20039661555094823,-0.23932963294485377,0.0,0.0,0.0,1.0,0.0
125,1,7.900557453563852,0.0,2.900557453563852,0.0,5.0,0.0,0.0,0.0,3.5,1.0,0.966852484521284,-0.20039661555094823,-0.23932963294485377,0.0,0.0,0.0,1.0,0.0
126,1,7.900557453563852,0.0,2.900557453563852,0.0,5.0,0.0,0.0,0.0,3.5,1.0,0.966852484521284,-0.20039661555094823,-0.23932963294485377,0.0,0.0,0.0,1.0,0.0
127,1,7.900557453563852,0.0,2.900557453563852,0.0,5.0,0.0,0.0,0.0,3.5,1.0,0.966852484521284,-0.20039661555094823,-0.23932963294485377,0.0,0.0,0.0,1.0,0.0
128,1,7.900557453563852,0.0,2.900557453563852,0.0,5.0,0.0,0.0,0.0,3.5,1.0,0.966852484521284,-0.20039661555094823,-0.23932963294485377,0.0,0.0,0.0,1.0,0.0
129,1,7.900557453563852,0.0,2.900557453563852,0.0,5.0,0.0,0.0,0.0,3.5,1.0,0.966852484521284,-0.20039661555094823,-0.23932963294485377,0.0,0.0,0.0,1.0,0.0
130,1,7.900557453563852,0.0,2.900557453563852,0.0,5.0,0.0,0.0,0.0,3.5,1.0,0.966852484521284,-0.20039661555094823,-0.23932963294485377,0.0,0.0,0.0,1.0,0.0
131,1,7.900557453563852,0.0,2.900557453563852,0.0,5.0,0.0,0.0,0.0,3.5,1.0,0.966852484521284,-0.20039661555094823,-0.23932963294485377,0.0,0.0,0.0,1.0,0.0
132,1,7.900557453563852,0.0,2.900557453563852,0.0,5.0,0.0,0.0,0.0,3.5,1.0,0.966852484521284,-0.20039661555094823,-0.23932963294485377,0.0,0.0,0.0,1.0,0.0
133,1,7.900557453563852,0.0,2.900557453563852,0.0,5.0,0.0,0.0,0.0,3.5,1.0,0.966852484521284,-0.20039661555094823,-0.23932963294485377,0.0,0.0,0.0,1.0,0.0
134,1,7.900557453563852,0.0,2.900557453563852,0.0,5.0,0.0,0.0,0.0,3.5,1.0,0.966852484521284,-0.20039661555094823,-0.23932963294485377,0.0,0.0,0.0,1.0,0.0
135,1,7.900557453563852,0.0,2.900557453563852,0.0,5.0,0.0,0.0,0.0,3.5,1.0,0.966852484521284,-0.20039661555094823,-0.23932963294485377,0.0,0.0,0.0,1.0,0.0
136,1,7.900557453563852,0.0,2.900557453563852,0.0,5.0,0.0,0.0,0.0,3.5,1.0,0.966852484521284,-0.20039661555094823,-0.23932963294485377,0.0,0.0,0.0,1.0,0.0
137,1,2.0,0.0,-3.0,0.0,5.0,0.0,0.0,0.0,3.5,1.0,-1.0,-0.16048006802586146,-0.9798123929260233,0.0,0.0,0.0,1.0,0.0
138,1,2.0,0.0,-3.0,0.0,5.0,0.0,0.0,0.0,3.5,1.0,-1.0,-0.4579496311196164,-0.19492142950089913,0.0,0.0,0.0,1.0,0.0
139,1,2.0,0.0,-3.0,0.0,5.0,0.0,0.0,0.0,3.5,1.0,-1.0,0.6031370611662242,-0.5276860035804106,0.0,0.0,0.0,1.0,0.0
140,1,5.4780853553657805,0.0,0.4780853553657807,0.0,5.0,0.0,0.0,0.0,3.5,1.0,0.1593617851219269,-0.08820312468613434,0.28470349872692147,0.0,0.0,0.0,1.0,0.0
141,1,5.4780853553657805,0.0,0.4780853553657807,0.0,5.0,0.0,0.0,0.0,3.5,1.0,0.1593617851219269,-0.08820312468613434,0.28470349872692147,0.0,0.0,0.0,1.0,0.0
142,1,5.4780853553657805,0.0,0.4780853553657807,0.0,5.0,0.0,0.0,0.0,3.5,1.0,0.1593617851219269,-0.08820312468613434,0.28470349872692147,0.0,0.0,0.0,1.0,0.0
143,1,5.4780853553657805,0.0,0.4780853553657807,0.0,5.0,0.0,0.0,0.0,3.5,1.0,0.1593617851219269,-0.08820312468613434,0.28470349872692147,0.0,0.0,0.0,1.0,0.0
144,1,5.4780853553657805,0.0,0.4780853553657807,0.0,5.0,0.0,0.0,0.0,3.5,1.0,0.1593617851219269,-0.08820312468613434,0.28470349872692147,0.0,0.0,0.0,1.0,0.0
145,1,5.4780853553657805,0.0,0.4780853553657807,0.0,5.0,0.0,0.0,0.0,3.5,1.0,0.1593617851219269,-0.08820312468613434,0.28470349872692147,0.0,0.0,0.0,1.0,0.0
146,1,5.4780853553657805,0.0,0.4780853553657807,0.0,5.0,0.0,0.0,0.0,3.5,1.0,0.1593617851219269,-0.08820312468613434,0.28470349872692147,0.0,0.0,0.0,1.0,0.0
147,1,5.4780853553657805,0.0,0.4780853553657807,0.0,5.0,0.0,0.0,0.0,3.5,1.0,0.1593617851219269,-0.08820312468613434,0.28470349872692147,0.0,0.0,0.0,1.0,0.0
148,1,5.4780853553657805,0.0,0.4780853553657807,0.0,5.0,0.0,0.0,0.0,3.5,1.0,0.1593617851219269,-0.08820312468613434,0.28470349872692147,0.0,0.0,0.0,1.0,0.0
149,1,5.4780853553657805,0.0,0.4780853553657807,0.0,5.0,0.0,0.0,0.0,3.5,1.0,0.1593617851219269,-0.08820312468613434,0.28470349872692147,0.0,0.0,0.0,1.0,0.0
150,2,111.55342778916011,106.90106570395297,-0.34763791479284833,0.0,5.0,0.0,0.0,0.0,3.5,1.0,-0.11587930493094944,-0.24204194903653706,-0.022396921214122623,0.0,0.0,0.0,1.0,0.0
151,2,3.8251921495964467,0.0,-1.174807850403553,0.0,5.0,0.0,0.0,0.0,3.5,1.0,-0.39160261680118436,-0.8492818618333193,-0.15067399431881423,0.0,0.0,0.0,1.0,0.0
152,2,3.8251921495964467,0.0,-1.174807850403553,0.0,5.0,0.0,0.0,0.0,3.5,1.0,-0.39160261680118436,-0.8492818618333193,-0.15067399431881423,0.0,0.0,0.0,1.0,0.0
153,2,3.8251921495964467,0.0,-1.174807850403553,0.0,5.0,0.0,0.0,0.0,3.5,1.0,-0.39160261680118436,-0.8492818618333193,-0.15067399431881423,0.0,0.0,0.0,1.0,0.0
154,2,3.8251921495964467,0.0,-1.174807850403553,0.0,5.0,0.0,0.0,0.0,3.5,1.0,-0.39160261680118436,-0.8492818618333193,-0.15067399431881423,0.0,0.0,0.0,1.0,0.0
155,2,3.8251921495964467,0.0,-1.174807850403553,0.0,5.0,0.0,0.0,0.0,3.5,1.0,-0.39160261680118436,-0.8492818618333193,-0.15067399431881423,0.0,0.0,0.0,1.0,0.0
156,2,3.8251921495964467,0.0,-1.174807850403553,0.0,5.0,0.0,0.0,0.0,3.5,1.0,-0.39160261680118436,-0.8492818618333193,-0.15067399431881423,0.0,0.0,0.0,1.0,0.0
157,2,3.8251921495964467,0.0,-1.174807850403553,0.0,5.0,0.0,0.0,0.0,3.5,1.0,-0.39160261680118436,-0.8492818618333193,-0.15067399431881423,0.0,0.0,0.0,1.0,0.0
158,2,3.8251921495964467,0.0,-1.174807850403553,0.0,5.0,0.0,0.0,0.0,3.5,1.0,-0.39160261680118436,-0.8492818618333193,-0.15067399431881423,0.0,0.0,0.0,1.0,0.0
159,2,3.8251921495964467,0.0,-1.174807850403553,0.0,5.0,0.0,0.0,0.0,3.5,1.0,-0.39160261680118436,-0.8492818618333193,-0.15067399431881423,0.0,0.0,0.0,1.0,0.0
160,2,3.8251921495964467,0.0,-1.174807850403553,0.0,5.0,0.0,0.0,0.0,3.5,1.0,-0.39160261680118436,-0.8492818618333193,-0.15067399431881423,0.0,0.0,0.0,1.0,0.0
161,2,3.8251921495964467,0.0,-1.174807850403553,0.0,5.0,0.0,0.0,0.0,3.5,1.0,-0.39160261680118436,-0.8492818618333193,-0.15067399431881423,0.0,0.0,0.0,1.0,0.0
162,2,8.0,0.0,3.0,0.0,5.0,0.0,0.0,0.0,3.5,1.0,1.0,-0.20797832107928133,-0.22383885193889233,0.0,0.0,0.0,1.0,0.0
163,2,7.607686490009303,0.0,2.6076864900093026,0.0,5.0,0.0,0.0,0.0,3.5,1.0,0.869228830003101,-1.0,-0.38139665095442854,0.0,0.0,0.0,1.0,0.0
164,2,7.7281736203007565,0.0,2.728173620300757,0.0,5.0,0.0,0.0,0.0,3.5,1.0,0.9093912067669191,0.8878355764871391,0.16970166637361267,0.0,0.0,0.0,1.0,0.0
165,2,7.233815059296173,0.0,2.2338150592961736,0.0,5.0,0.0,0.0,0.0,3.5,1.0,0.7446050197653913,-0.6866930172717893,0.3682514566109687,0.0,0.0,0.0,1.0,0.0
166,2,7.233815059296173,0.0,2.2338150592961736,0.0,5.0,0.0,0.0,0.0,3.5,1.0,0.7446050197653913,-0.6866930172717893,0.3682514566109687,0.0,0.0,0.0,1.0,0.0
167,2,7.233815059296173,0.0,2.2338150592961736,0.0,5.0,0.0,0.0,0.0,3.5,1.0,0.7446050197653913,-0.6866930172717893,0.3682514566109687,0.0,0.0,0.0,1.0,0.0
168,2,7.233815059296173,0.0,2.2338150592961736,0.0,5.0,0.0,0.0,0.0,3.5,1.0,0.7446050197653913,-0.6866930172717893,0.3682514566109687,0.0,0.0,0.0,1.0,0.0
169,2,7.233815059296173,0.0,2.2338150592961736,0.0,5.0,0.0,0.0,0.0,3.5,1.0,0.7446050197653913,-0.6866930172717893,0.3682514566109687,0.0,0.0,0.0,1.0,0.0
170,2,7.233815059296173,0.0,2.2338150592961736,0.0,5.0,0.0,0.0,0.0,3.5,1.0,0.7446050197653913,-0.6866930172717893,0.3682514566109687,0.0,0.0,0.0,1.0,0.0
171,2,7.233815059296173,0.0,2.2338150592961736,0.0,5.0,0.0,0.0,0.0,3.5,1.0,0.7446050197653913,-0.6866930172717893,0.3682514566109687,0.0,0.0,0.0,1.0,0.0
172,2,7.233815059296173,0.0,2.2338150592961736,0.0,5.0,0.0,0.0,0.0,3.5,1.0,0.7446050197653913,-0.6866930172717893,0.3682514566109687,0.0,0.0,0.0,1.0,0.0
173,2,7.233815059296173,0.0,2.2338150592961736,0.0,5.0,0.0,0.0,0.0,3.5,1.0,0.7446050197653913,-0.6866930172717893,0.3682514566109687,0.0,0.0,0.0,1.0,0.0
174,2,7.233815059296173,0.0,2.2338150592961736,0.0,5.0,0.0,0.0,0.0,3.5,1.0,0.7446050197653913,-0.6866930172717893,0.3682514566109687,0.0,0.0,0.0,1.0,0.0
175,2,7.233815059296173,0.0,2.2338150592961736,0.0,5.0,0.0,0.0,0.0,3.5,1.0,0.7446050197653913,-0.6866930172717893,0.3682514566109687,0.0,0.0,0.0,1.0,0.0
176,2,8.0,0.0,3.0,0.0,5.0,0.0,0.0,0.0,3.5,1.0,1.0,0.21455595458426246,-0.7268556786389152,0.0,0.0,0.0,1.0,0.0
177,2,8.0,0.0,3.0,0.0,5.0,0.0,0.0,0.0,3.5,1.0,1.0,-0.8868412014523788,-0.09974790677133163,0.0,0.0,0.0,1.0,0.0
178,2,8.0,0.0,3.0,0.0,5.0,0.0,0.0,0.0,3.5,1.0,1.0,1.0,0.4144886451259021,0.0,0.0,0.0,1.0,0.0
179,2,8.0,0.0,3.0,0.0,5.0,0.0,0.0,0.0,3.5,1.0,1.0,-0.6762638478253865,-0.010008045311244135,0.0,0.0,0.0,1.0,0.0
180,2,8.0,0.0,3.0,0.0,5.0,0.0,0.0,0.0,3.5,1.0,1.0,0.387396068964034,-0.7814711841892759,0.0,0.0,0.0,1.0,0.0
181,2,8.0,0.0,3.0,0.0,5.0,0.0,0.0,0.0,3.5,1.0,1.0,0.8154399587023796,-0.7929005099001615,0.0,0.0,0.0,1.0,0.0
182,2,2.413111786960244,0.0,-2.586888213039756,0.0,5.0,0.0,0.0,0.0,3.5,1.0,-0.8622960710132521,0.41142008797921537,-0.20953351292732636,0.0,0.0,0.0,1.0,0.0
183,2,2.413111786960244,0.0,-2.586888213039756,0.0,5.0,0.0,0.0,0.0,3.5,1.0,-0.8622960710132521,0.41142008797921537,-0.20953351292732636,0.0,0.0,0.0,1.0,0.0
184,2,2.413111786960244,0.0,-2.586888213039756,0.0,5.0,0.0,0.0,0.0,3.5,1.0,-0.8622960710132521,0.41142008797921537,-0.20953351292732636,0.0,0.0,0.0,1.0,0.0
185,2,2.413111786960244,0.0,-2.586888213039756,0.0,5.0,0.0,0.0,0.0,3.5,1.0,-0.8622960710132521,0.41142008797921537,-0.20953351292732636,0.0,0.0,0.0,1.0,0.0
186,2,2.413111786960244,0.0,-2.586888213039756,0.0,5.0,0.0,0.0,0.0,3.5,1.0,-0.8622960710132521,0.41142008797921537,-0.20953351292732636,0.0,0.0,0.0,1.0,0.0
187,2,2.413111786960244,0.0,-2.586888213039756,0.0,5.0,0.0,0.0,0.0,3.5,1.0,-0.8622960710132521,0.41142008797921537,-0.20953351292732636,0.0,0.0,0.0,1.0,0.0
188,2,2.413111786960244,0.0,-2.586888213039756,0.0,5.0,0.0,0.0,0.0,3.5,1.0,-0.8622960710132521,0.41142008797921537,-0.20953351292732636,0.0,0.0,0.0,1.0,0.0
189,2,2.413111786960244,0.0,-2.586888213039756,0.0,5.0,0.0,0.0,0.0,3.5,1.0,-0.8622960710132521,0.41142008797921537,-0.20953351292732636,0.0,0.0,0.0,1.0,0.0
190,2,2.413111786960244,0.0,-2.586888213039756,0.0,5.0,0.0,0.0,0.0,3.5,1.0,-0.8622960710132521,0.41142008797921537,-0.20953351292732636,0.0,0.0,0.0,1.0,0.0
191,2,8.0,0.0,3.0,0.0,5.0,0.0,0.0,0.0,3.5,1.0,1.0,0.7006794962075751,-0.21898983948815923,0.0,0.0,0.0,1.0,0.0
192,2,8.0,0.0,3.0,0.0,5.0,0.0,0.0,0.0,3.5,1.0,1.0,-0.7250189558186836,-0.13880335920573816,0.0,0.0,0.0,1.0,0.0
193,2,5.527802750936499,0.0,0.5278027509364991,0.0,5.0,0.0,0.0,0.0,3.5,1.0,0.17593425031216636,0.79591187228084,0.8405435086796238,0.0,0.0,0.0,1.0,0.0
194,2,5.527802750936499,0.0,0.5278027509364991,0.0,5.0,0.0,0.0,0.0,3.5,1.0,0.17593425031216636,0.79591187228084,0.8405435086796238,0.0,0.0,0.0,1.0,0.0
195,2,5.527802750936499,0.0,0.5278027509364991,0.0,5.0,0.0,0.0,0.0,3.5,1.0,0.17593425031216636,0.79591187228084,0.8405435086796238,0.0,0.0,0.0,1.0,0.0
196,2,5.527802750936499,0.0,0.5278027509364991,0.0,5.0,0.0,0.0,0.0,3.5,1.0,0.17593425031216636,0.79591187228084,0.8405435086796238,0.0,0.0,0.0,1.0,0.0
197,2,5.527802750936499,0.0,0.5278027509364991,0.0,5.0,0.0,0.0,0.0,3.5,1.0,0.17593425031216636,0.79591187228084,0.8405435086796238,0.0,0.0,0.0,1.0,0.0
198,2,5.527802750936499,0.0,0.5278027509364991,0.0,5.0,0.0,0.0,0.0,3.5,1.0,0.17593425031216636,0.79591187228084,0.8405435086796238,0.0,0.0,0.0,1.0,0.0
199,2,5.527802750936499,0.0,0.5278027509364991,0.0,5.0,0.0,0.0,0.0,3.5,1.0,0.17593425031216636,0.79591187228084,0.8405435086796238,0.0,0.0,0.0,1.0,0.0
200,2,5.527802750936499,0.0,0.5278027509364991,0.0,5.0,0.0,0.0,0.0,3.5,1.0,0.17593425031216636,0.79591187228084,0.8405435086796238,0.0,0.0,0.0,1.0,0.0
201,2,5.527802750936499,0.0,0.5278027509364991,0.0,5.0,0.0,0.0,0.0,3.5,1.0,0.17593425031216636,0.79591187228084,0.8405435086796238,0.0,0.0,0.0,1.0,0.0
202,2,5.527802750936499,0.0,0.5278027509364991,0.0,5.0,0.0,0.0,0.0,3.5,1.0,0.17593425031216636,0.79591187228084,0.8405435086796238,0.0,0.0,0.0,1.0,0.0
203,2,5.527802750936499,0.0,0.5278027509364991,0.0,5.0,0.0,0.0,0.0,3.5,1.0,0.17593425031216636,0.79591187228084,0.8405435086796238,0.0,0.0,0.0,1.0,0.0
204,2,5.527802750936499,0.0,0.5278027509364991,0.0,5.0,0.0,0.0,0.0,3.5,1.0,0.17593425031216636,0.79591187228084,0.8405435086796238,0.0,0.0,0.0,1.0,0.0
205,2,5.527802750936499,0.0,0.5278027509364991,0.0,5.0,0.0,0.0,0.0,3.5,1.0,0.17593425031216636,0.79591187228084,0.8405435086796238,0.0,0.0,0.0,1.0,0.0
206,2,5.527802750936499,0.0,0.5278027509364991,0.0,5.0,0.0,0.0,0.0,3.5,1.0,0.17593425031216636,0.79591187228084,0.8405435086796238,0.0,0.0,0.0,1.0,0.0
207,2,8.0,0.0,3.0,0.0,5.0,0.0,0.0,0.0,3.5,1.0,1.0,-0.8924128718209337,-0.21583261858990155,0.0,0.0,0.0,1.0,0.0
208,2,8.0,0.0,3.0,0.0,5.0,0.0,0.0,0.0,3.5,1.0,1.0,1.0,0.8408068807865683,0.0,0.0,0.0,1.0,0.0
209,2,8.0,0.0,3.0,0.0,5.0,0.0,0.0,0.0,3.5,1.0,1.0,0.03312927008881786,0.4412250525528192,0.0,0.0,0.0,1.0,0.0
210,2,8.0,0.0,3.0,0.0,5.0,0.0,0.0,0.0,3.5,1.0,1.0,-0.6320662515937874,1.0,0.0,0.0,0.0,1.0,0.0
211,2,8.0,0.0,3.0,0.0,5.0,0.0,0.0,0.0,3.5,1.0,1.0,-0.22758261424538037,-1.0,0.0,0.0,0.0,1.0,0.0
212,2,7.386572338414986,0.0,2.386572338414986,0.0,5.0,0.0,0.0,0.0,3.5,1.0,0.7955241128049954,0.5404342195489615,-0.1939162056382956,0.0,0.0,0.0,1.0,0.0
213,2,8.0,0.0,3.0,0.0,5.0,0.0,0.0,0.0,3.5,1.0,1.0,0.04327573369654142,-1.0,0.0,0.0,0.0,1.0,0.0
214,2,6.700379873088835,0.0,1.7003798730888349,0.0,5.0,0.0,0.0,0.0,3.5,1.0,0.5667932910296116,0.03797984077286354,-0.8678514722966562,0.0,0.0,0.0,1.0,0.0
215,2,6.700379873088835,0.0,1.7003798730888349,0.0,5.0,0.0,0.0,0.0,3.5,1.0,0.5667932910296116,0.03797984077286354,-0.8678514722966562,0.0,0.0,0.0,1.0,0.0
216,2,6.700379873088835,0.0,1.7003798730888349,0.0,5.0,0.0,0.0,0.0,3.5,1.0,0.5667932910296116,0.03797984077286354,-0.8678514722966562,0.0,0.0,0.0,1.0,0.0
217,2,6.700379873088835,0.0,1.7003798730888349,0.0,5.0,0.0,0.0,0.0,3.5,1.0,0.5667932910296116,0.03797984077286354,-0.8678514722966562,0.0,0.0,0.0,1.0,0.0
218,2,6.700379873088835,0.0,1.7003798730888349,0.0,5.0,0.0,0.0,0.0,3.5,1.0,0.5667932910296116,0.03797984077286354,-0.8678514722966562,0.0,0.0,0.0,1.0,0.0
219,2,6.700379873088835,0.0,1.7003798730888349,0.0,5.0,0.0,0.0,0.0,3.5,1.0,0.5667932910296116,0.03797984077286354,-0.8678514722966562,0.0,0.0,0.0,1.0,0.0
220,2,6.700379873088835,0.0,1.7003798730888349,0.0,5.0,0.0,0.0,0.0,3.5,1.0,0.5667932910296116,0.03797984077286354,-0.8678514722966562,0.0,0.0,0.0,1.0,0.0
221,2,6.700379873088835,0.0,1.7003798730888349,0.0,5.0,0.0,0.0,0.0,3.5,1.0,0.5667932910296116,0.03797984077286354,-0.8678514722966562,0.0,0.0,0.0,1.0,0.0
222,2,4.795816813465406,0.0,-0.20418318653459488,0.0,5.0,0.0,0.0,0.0,3.5,1.0,-0.0680610621781983,-0.5853608581358569,-0.6105523424173878,0.0,0.0,0.0,1.0,0.0
223,2,8.0,0.0,3.0,0.0,5.0,0.0,0.0,0.0,3.5,1.0,1.0,-0.13281322634613338,-1.0,0.0,0.0,0.0,1.0,0.0
224,2,7.92655033589029,0.0,2.9265503358902896,0.0,5.0,0.0,0.0,0.0,3.5,1.0,0.9755167786300967,0.7747261241673058,-0.9893699193897598,0.0,0.0,0.0,1.0,0.0
225,2,7.92655033589029,0.0,2.9265503358902896,0.0,5.0,0.0,0.0,0.0,3.5,1.0,0.9755167786300967,0.7747261241673058,-0.9893699193897598,0.0,0.0,0.0,1.0,0.0
226,2,7.92655033589029,0.0,2.9265503358902896,0.0,5.0,0.0,0.0,0.0,3.5,1.0,0.9755167786300967,0.7747261241673058,-0.9893699193897598,0.0,0.0,0.0,1.0,0.0
227,2,7.92655033589029,0.0,2.9265503358902896,0.0,5.0,0.0,0.0,0.0,3.5,1.0,0.9755167786300967,0.7747261241673058,-0.9893699193897598,0.0,0.0,0.0,1.0,0.0
228,2,7.92655033589029,0.0,2.9265503358902896,0.0,5.0,0.0,0.0,0.0,3.5,1.0,0.9755167786300967,0.7747261241673058,-0.9893699193897598,0.0,0.0,0.0,1.0,0.0
229,2,7.92655033589029,0.0,2.9265503358902896,0.0,5.0,0.0,0.0,0.0,3.5,1.0,0.9755167786300967,0.7747261241673058,-0.9893699193897598,0.0,0.0,0.0,1.0,0.0
230,2,7.92655033589029,0.0,2.9265503358902896,0.0,5.0,0.0,0.0,0.0,3.5,1.0,0.9755167786300967,0.7747261241673058,-0.9893699193897598,0.0,0.0,0.0,1.0,0.0
231,2,7.92655033589029,0.0,2.9265503358902896,0.0,5.0,0.0,0.0,0.0,3.5,1.0,0.9755167786300967,0.7747261241673058,-0.9893699193897598,0.0,0.0,0.0,1.0,0.0
232,2,7.92655033589029,0.0,2.9265503358902896,0.0,5.0,0.0,0.0,0.0,3.5,1.0,0.9755167786300967,0.7747261241673058,-0.9893699193897598,0.0,0.0,0.0,1.0,0.0
233,2,8.0,0.0,3.0,0.0,5.0,0.0,0.0,0.0,3.5,1.0,1.0,-0.572654770907499,0.24866439905280868,0.0,0.0,0.0,1.0,0.0
234,2,6.211014691729625,0.0,1.211014691729625,0.0,5.0,0.0,0.0,0.0,3.5,1.0,0.403671563909875,0.7961031451818135,1.0,0.0,0.0,0.0,1.0,0.0
235,2,8.0,0.0,3.0,0.0,5.0,0.0,0.0,0.0,3.5,1.0,1.0,1.0,-0.42949550429728833,0.0,0.0,0.0,1.0,0.0
236,2,5.0839814016329745,0.0,0.0839814016329743,0.0,5.0,0.0,0.0,0.0,3.5,1.0,0.027993800544324765,1.0,-0.17040750979133684,0.0,0.0,0.0,1.0,0.0
237,2,8.0,0.0,3.0,0.0,5.0,0.0,0.0,0.0,3.5,1.0,1.0,-0.14630038000820386,-0.14705636280664147,0.0,0.0,0.0,1.0,0.0
238,2,5.870187891384841,0.0,0.8701878913848409,0.0,5.0,0.0,0.0,0.0,3.5,1.0,0.2900626304616136,-0.266508734142078,-0.7173067182295535,0.0,0.0,0.0,1.0,0.0
239,2,8.0,0.0,3.0,0.0,5.0,0.0,0.0,0.0,3.5,1.0,1.0,0.5487049371729958,1.0,0.0,0.0,0.0,1.0,0.0
240,2,8.0,0.0,3.0,0.0,5.0,0.0,0.0,0.0,3.5,1.0,1.0,-1.0,0.9354444443895038,0.0,0.0,0.0,1.0,0.0
241,2,4.575773505547286,0.0,-0.4242264944527143,0.0,5.0,0.0,0.0,0.0,3.5,1.0,-0.1414088314842381,0.7722212771902108,1.0,0.0,0.0,0.0,1.0,0.0
242,2,2.2054754548780737,0.0,-2.7945245451219263,0.0,5.0,0.0,0.0,0.0,3.5,1.0,-0.9315081817073088,0.5910907747974872,0.8174668815967696,0.0,0.0,0.0,1.0,0.0
243,2,2.2054754548780737,0.0,-2.7945245451219263,0.0,5.0,0.0,0.0,0.0,3.5,1.0,-0.9315081817073088,0.5910907747974872,0.8174668815967696,0.0,0.0,0.0,1.0,0.0
244,2,2.2054754548780737,0.0,-2.7945245451219263,0.0,5.0,0.0,0.0,0.0,3.5,1.0,-0.9315081817073088,0.5910907747974872,0.8174668815967696,0.0,0.0,0.0,1.0,0.0
245,2,2.2054754548780737,0.0,-2.7945245451219263,0.0,5.0,0.0,0.0,0.0,3.5,1.0,-0.9315081817073088,0.5910907747974872,0.8174668815967696,0.0,0.0,0.0,1.0,0.0
246,2,2.2054754548780737,0.0,-2.7945245451219263,0.0,5.0,0.0,0.0,0.0,3.5,1.0,-0.9315081817073088,0.5910907747974872,0.8174668815967696,0.0,0.0,0.0,1.0,0.0
247,2,2.2054754548780737,0.0,-2.7945245451219263,0.0,5.0,0.0,0.0,0.0,3.5,1.0,-0.9315081817073088,0.5910907747974872,0.8174668815967696,0.0,0.0,0.0,1.0,0.0
248,2,2.2054754548780737,0.0,-2.7945245451219263,0.0,5.0,0.0,0.0,0.0,3.5,1.0,-0.9315081817073088,0.5910907747974872,0.8174668815967696,0.0,0.0,0.0,1.0,0.0
249,2,2.2054754548780737,0.0,-2.7945245451219263,0.0,5.0,0.0,0.0,0.0,3.5,1.0,-0.9315081817073088,0.5910907747974872,0.8174668815967696,0.0,0.0,0.0,1.0,0.0
250,2,2.2054754548780737,0.0,-2.7945245451219263,0.0,5.0,0.0,0.0,0.0,3.5,1.0,-0.9315081817073088,0.5910907747974872,0.8174668815967696,0.0,0.0,0.0,1.0,0.0
251,2,2.2054754548780737,0.0,-2.7945245451219263,0.0,5.0,0.0,0.0,0.0,3.5,1.0,-0.9315081817073088,0.5910907747974872,0.8174668815967696,0.0,0.0,0.0,1.0,0.0
252,2,2.2054754548780737,0.0,-2.7945245451219263,0.0,5.0,0.0,0.0,0.0,3.5,1.0,-0.9315081817073088,0.5910907747974872,0.8174668815967696,0.0,0.0,0.0,1.0,0.0
253,2,6.665156113773825,0.0,1.6651561137738247,0.0,5.0,0.0,0.0,0.0,3.5,1.0,0.5550520379246082,-1.0,-0.1845623741289985,0.0,0.0,0.0,1.0,0.0
254,2,7.527876188667573,0.0,2.5278761886675736,0.0,5.0,0.0,0.0,0.0,3.5,1.0,0.8426253962225246,-0.10573615980632411,1.0,0.0,0.0,0.0,1.0,0.0
255,2,8.0,0.0,3.0,0.0,5.0,0.0,0.0,0.0,3.5,1.0,1.0,-0.8875961187775081,-0.7409913588820054,0.0,0.0,0.0,1.0,0.0
256,2,8.0,0.0,3.0,0.0,5.0,0.0,0.0,0.0,3.5,1.0,1.0,0.33374693203173444,1.0,0.0,0.0,0.0,1.0,0.0
257,2,8.0,0.0,3.0,0.0,5.0,0.0,0.0,0.0,3.5,1.0,1.0,-0.419380358814344,0.18252148038464316,0.0,0.0,0.0,1.0,0.0
258,2,8.0,0.0,3.0,0.0,5.0,0.0,0.0,0.0,3.5,1.0,1.0,1.0,-0.7410391286674877,0.0,0.0,0.0,1.0,0.0
259,2,5.250199104815816,0.0,0.25019910481581564,0.0,5.0,0.0,0.0,0.0,3.5,1.0,0.08339970160527188,-1.0,-0.04245838859797096,0.0,0.0,0.0,1.0,0.0
260,2,7.534569778512569,0.0,2.53456977851257,0.0,5.0,0.0,0.0,0.0,3.5,1.0,0.8448565928375232,1.0,-0.10025997292620827,0.0,0.0,0.0,1.0,0.0
261,2,8.0,0.0,3.0,0.0,5.0,0.0,0.0,0.0,3.5,1.0,1.0,0.27183355592742714,-1.0,0.0,0.0,0.0,1.0,0.0
262,2,8.0,0.0,3.0,0.0,5.0,0.0,0.0,0.0,3.5,1.0,1.0,-0.48186309943481326,0.268888633853703,0.0,0.0,0.0,1.0,0.0
263,2,8.0,0.0,3.0,0.0,5.0,0.0,0.0,0.0,3.5,1.0,1.0,0.9164000660052616,-1.0,0.0,0.0,0.0,1.0,0.0
264,2,6.811909676913739,0.0,1.8119096769137397,0.0,5.0,0.0,0.0,0.0,3.5,1.0,0.60396989230458,0.03955580390348809,0.04294873486337665,0.0,0.0,0.0,1.0,0.0
265,2,3.6679396687727954,0.0,-1.3320603312272046,0.0,5.0,0.0,0.0,0.0,3.5,1.0,-0.4440201104090682,0.5865633455140964,0.31994109704652485,0.0,0.0,0.0,1.0,0.0
266,2,3.6679396687727954,0.0,-1.3320603312272046,0.0,5.0,0.0,0.0,0.0,3.5,1.0,-0.4440201104090682,0.5865633455140964,0.31994109704652485,0.0,0.0,0.0,1.0,0.0
267,2,3.6679396687727954,0.0,-1.3320603312272046,0.0,5.0,0.0,0.0,0.0,3.5,1.0,-0.4440201104090682,0.5865633455140964,0.31994109704652485,0.0,0.0,0.0,1.0,0.0
268,2,3.6679396687727954,0.0,-1.3320603312272046,0.0,5.0,0.0,0.0,0.0,3.5,1.0,-0.4440201104090682,0.5865633455140964,0.31994109704652485,0.0,0.0,0.0,1.0,0.0
269,2,3.6679396687727954,0.0,-1.3320603312272046,0.0,5.0,0.0,0.0,0.0,3.5,1.0,-0.4440201104090682,0.5865633455140964,0.31994109704652485,0.0,0.0,0.0,1.0,0.0
270,2,3.6679396687727954,0.0,-1.3320603312272046,0.0,5.0,0.0,0.0,0.0,3.5,1.0,-0.4440201104090682,0.5865633455140964,0.31994109704652485,0.0,0.0,0.0,1.0,0.0
271,2,3.6679396687727954,0.0,-1.3320603312272046,0.0,5.0,0.0,0.0,0.0,3.5,1.0,-0.4440201104090682,0.5865633455140964,0.31994109704652485,0.0,0.0,0.0,1.0,0.0
272,2,3.6679396687727954,0.0,-1.3320603312272046,0.0,5.0,0.0,0.0,0.0,3.5,1.0,-0.4440201104090682,0.5865633455140964,0.31994109704652485,0.0,0.0,0.0,1.0,0.0
273,2,3.6679396687727954,0.0,-1.3320603312272046,0.0,5.0,0.0,0.0,0.0,3.5,1.0,-0.4440201104090682,0.5865633455140964,0.31994109704652485,0.0,0.0,0.0,1.0,0.0
274,2,3.6679396687727954,0.0,-1.3320603312272046,0.0,5.0,0.0,0.0,0.0,3.5,1.0,-0.4440201104090682,0.5865633455140964,0.31994109704652485,0.0,0.0,0.0,1.0,0.0
275,2,3.6679396687727954,0.0,-1.3320603312272046,0.0,5.0,0.0,0.0,0.0,3.5,1.0,-0.4440201104090682,0.5865633455140964,0.31994109704652485,0.0,0.0,0.0,1.0,0.0
276,2,3.6679396687727954,0.0,-1.3320603312272046,0.0,5.0,0.0,0.0,0.0,3.5,1.0,-0.4440201104090682,0.5865633455140964,0.31994109704652485,0.0,0.0,0.0,1.0,0.0
277,2,3.6679396687727954,0.0,-1.3320603312272046,0.0,5.0,0.0,0.0,0.0,3.5,1.0,-0.4440201104090682,0.5865633455140964,0.31994109704652485,0.0,0.0,0.0,1.0,0.0
278,2,8.0,0.0,3.0,0.0,5.0,0.0,0.0,0.0,3.5,1.0,1.0,-0.12557730708178105,-0.900127973580878,0.0,0.0,0.0,1.0,0.0
279,2,7.446712885820427,0.0,2.446712885820426,0.0,5.0,0.0,0.0,0.0,3.5,1.0,0.8155709619401421,-0.21846200887591546,-1.0,0.0,0.0,0.0,1.0,0.0
280,2,8.0,0.0,3.0,0.0,5.0,0.0,0.0,0.0,3.5,1.0,1.0,-0.22502106898450303,0.17051526117808324,0.0,0.0,0.0,1.0,0.0
281,2,8.0,0.0,3.0,0.0,5.0,0.0,0.0,0.0,3.5,1.0,1.0,-0.40056789048514496,-0.8649260860041542,0.0,0.0,0.0,1.0,0.0
282,2,6.6446031731561845,0.0,1.6446031731561848,0.0,5.0,0.0,0.0,0.0,3.5,1.0,0.5482010577187283,-0.42949504164086816,0.14812560441525693,0.0,0.0,0.0,1.0,0.0
283,2,8.0,0.0,3.0,0.0,5.0,0.0,0.0,0.0,3.5,1.0,1.0,0.22690226146476988,0.2660837460984947,0.0,0.0,0.0,1.0,0.0
284,2,3.7203550927385978,0.0,-1.2796449072614025,0.0,5.0,0.0,0.0,0.0,3.5,1.0,-0.4265483024204675,-0.6067074253837583,-0.9821920028519202,0.0,0.0,0.0,1.0,0.0
285,2,3.7203550927385978,0.0,-1.2796449072614025,0.0,5.0,0.0,0.0,0.0,3.5,1.0,-0.4265483024204675,-0.6067074253837583,-0.9821920028519202,0.0,0.0,0.0,1.0,0.0
286,2,3.7203550927385978,0.0,-1.2796449072614025,0.0,5.0,0.0,0.0,0.0,3.5,1.0,-0.4265483024204675,-0.6067074253837583,-0.9821920028519202,0.0,0.0,0.0,1.0,0.0
287,2,3.7203550927385978,0.0,-1.2796449072614025,0.0,5.0,0.0,0.0,0.0,3.5,1.0,-0.4265483024204675,-0.6067074253837583,-0.9821920028519202,0.0,0.0,0.0,1.0,0.0
288,2,3.7203550927385978,0.0,-1.2796449072614025,0.0,5.0,0.0,0.0,0.0,3.5,1.0,-0.4265483024204675,-0.6067074253837583,-0.9821920028519202,0.0,0.0,0.0,1.0,0.0
289,2,3.7203550927385978,0.0,-1.2796449072614025,0.0,5.0,0.0,0.0,0.0,3.5,1.0,-0.4265483024204675,-0.6067074253837583,-0.9821920028519202,0.0,0.0,0.0,1.0,0.0
290,2,3.7203550927385978,0.0,-1.2796449072614025,0.0,5.0,0.0,0.0,0.0,3.5,1.0,-0.4265483024204675,-0.6067074253837583,-0.9821920028519202,0.0,0.0,0.0,1.0,0.0
